company_name,domain,score,confidence,vertical,size_estimate,geo,tech_signals,competitor_signals,reasoning,source_url
List of Top 10 BPO Companies in Vizag 2025,squadstack.ai,6,medium,BPO & Outsourcing Platforms,200-500 employees,APAC,Bandwidth,Bandwidth,"Strong use-case fit as a Voice AI platform builder likely running on competitor infrastructure (Bandwidth), but estimated headcount is borderline on the 500-employee minimum and primary data comes from marketing pages rather than verified firmographics.",https://www.squadstack.ai/bpo-companies/top-bpo-companies-in-vizag
What Is a BPO Company ? A Complete Guide for Growing...,splacebpo.com,3,low,BPO & Outsourcing Platforms,100-500 employees,APAC,,,"Vertical alignment with BPO/outsourcing but zero tech signals, no evidence of building or owning a platform, and likely a staffing-model BPO under 500 employees — closer to an exclusion (no own platform) than a target.",https://splacebpo.com/blog/what-is-a-bpo-company-guide-2026/
InsurTech Software Development,vegaitglobal.com,2,medium,IT Services / Software Outsourcing,500-1000 employees,EMEA,,,Software development outsourcing firm — excluded as a system integrator without its own platform; no tech signals or contact center use case despite serving relevant verticals.,https://www.vegaitglobal.com/industries/insurance-software-development
Outsourceaccelerator,outsourceaccelerator.com,2,medium,BPO Advisory / Brokerage,100-500 employees,APAC,,,Outsourcing advisory and brokerage platform — connects businesses with BPOs but does not operate contact centers itself; no tech signals or competitor mentions despite relevant vertical adjacency.,https://www.outsourceaccelerator.com/guide/top-bpo-companies-in-europe/
Top 10 BPO Companies Worldwide: Complete 2025 Comparison,globalify.com,2,medium,BPO Advisory / Brokerage,50-200 employees,AMER,,,"BPO comparison and advisory platform — size indicators (~5000, ~2800) refer to companies being compared, not Globalify itself; operates as a brokerage, not a contact center operator with infrastructure needs.",https://globalify.com/top-bpo-companies
15 Top Insurtech Companies In Chicago To Know,builtinchicago.org,1,high,Tech Media / Job Board,200-500 employees,AMER,,,"Media/job-listing platform (Built In Chicago), not an actual insurtech or contact center company; the page is a listicle aggregating other companies.",https://www.builtinchicago.org/articles/chicago-insurance-startups
40 Insurtech Companies Making Coverage Simpler 2025,builtin.com,1,high,Tech Media / Job Board,500-1000 employees,AMER,,,"Tech community and job platform (Built In); the page is a listicle of insurtech companies, not a target company itself — no contact center use case or tech signals.",https://builtin.com/articles/insurtech-companies
InsurTech100 for 2025,fintech.global,1,high,B2B Media / Events,50-200 employees,EMEA,,,B2B media and events company publishing fintech rankings; not an operating company with contact center infrastructure needs.,https://fintech.global/insurtech100/
InsurTech Express USA,insurtechexpress.com,1,high,InsurTech Media / Marketplace,10-50 employees,AMER,,,"Insurance technology marketplace and media platform connecting carriers with advisors; no contact center operations, no tech signals, no engineering function evident.",https://www.insurtechexpress.com/
Leading FinTech Software Development Company,tntra.io,1,high,IT Services / Engineering Outsourcing,100-200 employees,AMER,,,"Engineering services company with ~100 employees — below the 500-employee minimum; no tech signals, no contact center use case.",https://www.tntra.io/fintech-software-development
Top 11 Call Center and BPO Outsourcing Companies in Europe,herothemes.com,1,high,SaaS / WordPress Plugins,1-10 employees,EMEA,,,"WordPress plugin company (~6 employees) with zero relevance; the scraped page is a content marketing listicle about BPOs, not the company's own use case.",https://herothemes.com/blog/call-center-and-bpo-outsourcing-companies-in-europe/
Top 10 BPO Companies in Europe,aslpreservationsolutions.com,1,medium,BPO / Outsourcing,50-200 employees,APAC,,,"Small BPO in Bangladesh with no size indicators suggesting 500+ employees, no tech signals, no competitor mentions — likely well below employee threshold and lacks engineering function.",https://www.aslpreservationsolutions.com/top-10-bpo-companies-in-europe
